Секція,ID,Кейс,Кроки,Очікувано,Статус,Нотатки
Smoke (швидкий прогін),S01,Сплеш → онбординг (чистий інсталл),"Видалити апку, відкрити","Сплеш ~1.6 с, далі Welcome",,
Smoke (швидкий прогін),S02,Сплеш → Home (returning),"Онбординг уже пройдено, відкрити апку","Сплеш, далі 5 табів, Home",,
Smoke (швидкий прогін),S03,Онбординг до кінця,Welcome → усі кроки → Continue на плані,Головний екран з кільцями і щоденником,,
Smoke (швидкий прогін),S04,Таби,Поклацати всі 5 табів,"Home, Progress, AI, Recipes, Rewards. Немає крашу",,
Smoke (швидкий прогін),S05,Quick Log → Search,Home `+` → Search → знайти продукт → тап,"Їжа в Snacks, кільця оновились",,
Smoke (швидкий прогін),S06,Баркод (живий скан або manual),`+` → Barcode → скан або Enter manually,Product details → Add → запис у щоденнику,,
Smoke (швидкий прогін),S07,AI фото,`+` → Scan food → фото страви → Add,"Результат з ккал, запис у Snacks",,
Smoke (швидкий прогін),S08,Голос,`+` → Voice → записати «яблуко» → Analyze → Add,"Результат, запис у щоденнику",,
Smoke (швидкий прогін),S09,Edit meal,Олівець на Breakfast → змінити порцію / видалити / Save,Home показує оновлену страву,,
Smoke (швидкий прогін),S10,Вода +/− і обʼєм склянки,"`+` вода, `−` вода, олівець → 250 → Save",Склянки і лічильник збігаються,,
Smoke (швидкий прогін),S11,AI чат,AI таб → intro (якщо вперше) → чіпа Nutrition,"Відповідь асистента, немає крашу",,
Smoke (швидкий прогін),S12,Вага,Progress → Log weight → Save,Повернення на Progress без помилки,,
Smoke (швидкий прогін),S13,Тренування,Progress → Log exercise → Save,"Повернення без помилки, burn-кільце на Home може зрости",,
Smoke (швидкий прогін),S14,Rewards,"Відкрити Rewards, тапнути бейдж","Список 12 бейджів, деталь відкривається",,
Smoke (швидкий прогін),S15,Kill & restore,"Залогувати їжу, вбити апку, відкрити знову",Дані на місці,,
Smoke (швидкий прогін),S16,Dark / Light,Змінити тему системи на Home і Welcome,"Кольори читабельні, немає білого на білому",,
Smoke (швидкий прогін),S17,UK локаль,"Мова системи українська, пройти Home + онбординг екран","Тексти українською, без ключів `home.` / `onboarding.`",,
Smoke (швидкий прогін),S18,Чат: лог сніданку фразою,AI → `На сніданок була вівсянка з чорницями і чорна кава.`,"Картка meal, Breakfast на Home",,
Smoke (швидкий прогін),S19,Чат: вода з підтвердженням,`запиши 500 мл води` → Confirm,"Home +500 мл, не ігнорувати алерт",,
Smoke (швидкий прогін),S20,Склянки різних обʼємів,"Склянка 150 `+`, змінити на 330 `+`, потім `−`","`−` знімає 330, 150 лишається",,
A. Запуск і сесія,A01,Сплеш показується,Відкрити апку,"Екран Bity, світлий status bar, автоперехід",,
A. Запуск і сесія,A02,Тривалість сплеша,Засікти час,"Близько 1.6 с, не зависає",,
A. Запуск і сесія,A03,Перший запуск,Видалити апку → відкрити,"Після сплеша Welcome, не Home",,
A. Запуск і сесія,A04,Returning user,"Пройти онбординг, закрити, відкрити",Після сплеша головні таби,,
A. Запуск і сесія,A05,Перехід зі сплеша,Дивитись анімацію,"Cross-dissolve, немає чорного кадру",,
A. Запуск і сесія,A06,Повернення з фону,Home → згорнути → відкрити,"Той самий таб, дані живі",,
A. Запуск і сесія,A07,Після дзвінка / Control Center,"Відкрити Control Center, повернутись","UI на місці, камера (якщо була) відновлюється або коректно стопається",,
A. Запуск і сесія,A08,Немає крашу на холодному старті,3 рази підряд відкрити/вбити,Стабільно,,
B1. Welcome,B01,Контент Welcome,Відкрити перший запуск,"Заголовок, 3 фічі, GIF авокадо, Get Started, футер Terms/Privacy",,
B1. Welcome,B02,Вхідна анімація,Дивитись першу появу,"Нижній блок підʼїжджає, GIF грає",,
B1. Welcome,B03,Get Started,Тап Get Started,"Перехід на Goal, не скіп усього флоу",,
B1. Welcome,B04,Футер Terms/Privacy,Тап по футеру,[очікувано немає] посилання не відкриваються,,
B1. Welcome,B05,Немає Back,На Welcome,Немає кнопки назад у флоу,,
B1. Welcome,B06,Dark на Welcome,Система Dark,"Іконки/текст читабельні, GIF теми ок",,
B2. Goal,B07,Три цілі,Дивитись картки,"Lose / Maintain / Gain (Build), одна вибрана",,
B2. Goal,B08,Перемикання карток,Тапнути кожну,"Підсвітка однієї, Continue активний",,
B2. Goal,B09,Continue,Вибрати Lose → Continue,Екран Sex,,
B2. Goal,B10,Back з Goal,Back,Повернення на Welcome,,
B3. Sex,B11,Опції,Дивитись,Male / Female (інших немає),,
B3. Sex,B12,Вибір + Continue,Female → Continue,Age,,
B3. Sex,B13,Back,Back,"Goal, попередній вибір збережений",,
B4. Age,B14,Діапазон,Крутити пікер,"13…100, дефолт 25",,
B4. Age,B15,Межі,Поставити 13 і 100 → Continue,"Приймає, без крашу",,
B4. Age,B16,Back,Back,Sex збережений,,
B5. Body (зріст / вага),B17,Metric,Сегмент Metric,"Зріст 120–220 cm, вага 30–200 kg",,
B5. Body (зріст / вага),B18,Imperial,Сегмент Imperial,"Зріст 48–84 in, вага 66–440 lb",,
B5. Body (зріст / вага),B19,Перемикання одиниць,Metric → Imperial → Metric,"Значення конвертяться розумно, пікери не порожні",,
B5. Body (зріст / вага),B20,Continue,Continue,Health,,
B5. Body (зріст / вага),B21,Back,Back,Age збережений,,
B6. Health,B22,Контент,Дивитись,"3 фічі, Continue, Maybe later, Back",,
B6. Health,B23,Continue + Allow,Continue → дозволити Health,"Системний шит Health, далі Activity",,
B6. Health,B24,Continue + Don’t Allow,Відхилити Health,"Флоу не ламається, далі Activity",,
B6. Health,B25,Maybe later,Тап Maybe later,"Без запиту Health, одразу Activity",,
B6. Health,B26,Кнопка під час запиту,Continue і одразу тапати ще,Немає подвійного запиту / зависання (кнопка disable),,
B6. Health,B27,Back,Back,Body,,
B7. Activity → Calculating → Plan,B28,4 рівні активності,Дивитись картки,4 опції (сидячий → атлетичний),,
B7. Activity → Calculating → Plan,B29,Calculating,Continue на Activity,"Модалка з GIF, автоперехід на Plan",,
B7. Activity → Calculating → Plan,B30,Plan контент,Дивитись Plan,"Калорії, дата цілі, білки/жири/вуглеводи/вода, клітковина/цукор/натрій",,
B7. Activity → Calculating → Plan,B31,Різні цілі дають різний план,Lose vs Gain (два прогони),Калорії Gain вищі за Lose,,
B7. Activity → Calculating → Plan,B32,Різна активність,Sedentary vs Athletic,Athletic має вищий TDEE/ккал,,
B7. Activity → Calculating → Plan,B33,Maintain copy,Мета Maintain,Особливий текст дати цілі (не «схуднення»),,
B7. Activity → Calculating → Plan,B34,Learn more,Тап Learn more,Відкривається Safari з URL,,
B7. Activity → Calculating → Plan,B35,Back з Plan,Back,Activity,,
B7. Activity → Calculating → Plan,B36,Завершення,Continue на Plan,Головні таби. Повторне відкриття апки вже не онбординг,,
B7. Activity → Calculating → Plan,B37,Немає свайпа між кроками,Свайпнути горизонтально,Сторінка не змінюється,,
B7. Activity → Calculating → Plan,B38,Повний Back-прохід,З Plan назад до Welcome і знову вперед,"Дані/вибір не губляться безглуздо, план перераховується",,
C. Навігація і таби,C01,5 табів,Дивитись tab bar,"5 іконок і підписів, вибраний таб підсвічений",,
C. Навігація і таби,C02,Home root,Таб Home,"Щоденник, кільця, вода, профіль справа, дата зліва",,
C. Навігація і таби,C03,Progress root,Таб Progress,"Заголовок, 3 кнопки: вага / тренування / фото",,
C. Навігація і таби,C04,AI root (вперше),Чистий `hasSeenAIIntro`,"Intro, не одразу чат",,
C. Навігація і таби,C05,AI root (після intro),"Start на intro, вийти з апки, зайти в AI",Одразу чат,,
C. Навігація і таби,C06,Recipes,Таб Recipes,Placeholder (фон + великий тайтл). Не каталог рецептів,,
C. Навігація і таби,C07,Rewards,Таб Rewards,Картка рівня + сітка бейджів,,
C. Навігація і таби,C08,Стек навігації,Home → Search → Back,"Повернення на Home, tab bar знову видно",,
C. Навігація і таби,C09,Tab bar ховається,Відкрити баркод/фото/пошук,Tab bar сховано (`hidesBottomBarWhenPushed`),,
C. Навігація і таби,C10,Швидке перемикання табів,Клацати всі таби 10 разів,Немає крашу / білого екрана,,
C. Навігація і таби,C11,Повернення на той самий таб,AI → Home → AI,Стан чату збережений,,
D1. Карусель статистики,D01,Свайп каруселі,Свайп вліво/вправо,"3 картки, page control синхронний",,
D1. Карусель статистики,D02,Калорії порожній день,"Новий день, нічого не зʼїдено","Food 0, remaining = ціль, кільце 0%",,
D1. Карусель статистики,D03,Калорії після логу,Залогувати ~400 ккал,"Food і remaining оновились, % кільця зріс",,
D1. Карусель статистики,D04,Over-budget,Залогувати більше цілі,"Remaining 0 або негатив коректно, кільце 100%+ без артефактів",,
D1. Карусель статистики,D05,Макроси,Відкрити 2-гу картку,Білки/вуглеводи/жири кільця + fiber/sugar/sodium,,
D1. Карусель статистики,D06,Burn порожній,Немає тренувань,Exercise 0,,
D1. Карусель статистики,D07,Burn після workout,Залогувати тренування з ккал,Exercise зріс,,
D1. Карусель статистики,D08,Дата в навбарі,Дивитись лівий тайтл,"«Today, …» або локалізована сьогоднішня дата",,
D1. Карусель статистики,D09,Немає зміни дня,Шукати стрілки/календар на Home,[очікувано немає] щоденник завжди сьогодні,,
D1. Карусель статистики,D10,Кнопка профілю,Тап person справа,[очікувано немає] Settings не відкривається,,
D1. Карусель статистики,D11,Reload при поверненні,"Залогувати їжу з іншого флоу, повернутись",Картки оновились без pull-to-refresh,,
D1. Карусель статистики,D12,Dark Home,Dark Mode,"Фон, картки, кільця, текст читабельні",,
D2. Прийоми їжі,D13,Порожні прийоми,Новий день,"Картки є, список продуктів схований (не «пляшка» 16pt)",,
D2. Прийоми їжі,D14,Рядок продукту,Залогувати їжу,"Назва, порція/ккал, фото якщо є",,
D2. Прийоми їжі,D15,Кілька продуктів,3 позиції в Lunch,"Усі рядки, сума ккал картки = сумі рядків",,
D2. Прийоми їжі,D16,Toggle eaten,Тап по рядку (eaten),Страйк/зʼїдено. Повторний тап знімає,,
D2. Прийоми їжі,D17,Mark all eaten,Є 2+ незʼїдених → кнопка,Усі стають eaten,,
D2. Прийоми їжі,D18,Mark all eaten (вже всі),Немає незʼїдених → кнопка,"No-op, без крашу",,
D2. Прийоми їжі,D19,Олівець прийому,Олівець Breakfast,Шита Edit meal цього прийому,,
D2. Прийоми їжі,D20,Олівець порожнього,Олівець на порожній Dinner,"Edit meal відкривається, картка їжі схована",,
D2. Прийоми їжі,D21,Quick log потрапляє в Snacks,`+` будь-який метод,"Новий запис саме в Snacks, не в Breakfast",,
D2. Прийоми їжі,D22,Довга назва,Продукт з дуже довгим імʼям,"Truncate, лейаут не ламається",,
D2. Прийоми їжі,D23,0 ккал продукт,Якщо вдалось залогувати 0 ккал,"Рядок є, кільце не NaN",,
E. Вода,E01,Порожня вода,Новий день,"0 / ціль, склянки порожні",,
E. Вода,E02,Плюс,Тап `+`,"+1 склянка, лічильник + обʼєм склянки",,
E. Вода,E03,Мінус,Є вода → `−`,Мінус остання склянка,,
E. Вода,E04,Мінус на нулі,0 води → `−`,No-op,,
E. Вода,E05,Наповнення до цілі,Додавати до цілі,Склянки частково/повністю заповнюються (8 слотів),,
E. Вода,E06,Понад ціль,Додати більше за target,"Лічильник > цілі, без крашу",,
E. Вода,E07,Відкрити обʼєм,Олівець на воді,"Шит: поле, чіпи 150/200/250/330, Save, Close",,
E. Вода,E08,Чіп 250,Тап 250 → Save,Нова склянка = 250 ml (перевірити наступним `+`),,
E. Вода,E09,Кастомне число,Ввести 180 → Save,Склянка 180,,
E. Вода,E10,Тільки цифри,Ввести літери,Не вводяться,,
E. Вода,E11,Select all при фокусі,Тапнути поле,"Виділено все, зручно перезаписати",,
E. Вода,E12,Суфікс ml,Зняти фокус,"Показує локалізований формат з ml, не `150ml` всередині під час вводу",,
E. Вода,E13,Save при 0 / порожньо,Clear → Save,"Шит не закривається, значення не 0",,
E. Вода,E14,Close без Save,Змінити чіп → Close,Старий обʼєм лишився,,
E. Вода,E15,Clear,Тап clear,"Поле порожнє, клавіатура відкрита",,
E. Вода,E16,Анімація склянок,Перший `+` за сесію,"Плавне наповнення, не стрибок",,
F. Quick Log,F01,Відкриття,`+` на щоденнику,"Шит ~260pt, grabber, 4 картки, Close",,
F. Quick Log,F02,Close,Close / свайп вниз,"Дізміс, Home на місці",,
F. Quick Log,F03,Scan food,Тап Scan food,Камера AI photo,,
F. Quick Log,F04,Barcode,Тап Barcode,Камера баркода,,
F. Quick Log,F05,Search,Тап Search,"Екран пошуку, клавіатура",,
F. Quick Log,F06,Voice,Тап Voice,Екран голосу,,
F. Quick Log,F07,Немає Text log,Шукати «type food» у шиті,[очікувано немає],,
F. Quick Log,F08,Після вибору,Обрати метод,"Шит закривається, відкривається флоу",,
G. Штрихкод,G01,Перший запуск камери,Дозволити Camera,"Превʼю, рамка, scan-line, hint",,
G. Штрихкод,G02,Відмова камери,Don’t Allow,"Зрозуміла помилка, немає чорного зависання",,
G. Штрихкод,G03,Живий скан валідного коду,Навести на EAN/UPC,Identifying → recognized → Product details,,
G. Штрихкод,G04,Повтор того самого коду,Не рухати після скану,Не спамить десятками екранів,,
G. Штрихкод,G05,Невідомий код,"Код, якого немає в базі","Повідомлення помилки в hint, можна сканувати далі",,
G. Штрихкод,G06,Ліхтар,Тап flash,Ліхтар on/off,,
G. Штрихкод,G07,Галерея з баркодом,Gallery → фото з кодом,Lookup як зі скану,,
G. Штрихкод,G08,Галерея без баркода,Фото без коду,"Помилка, камера жива",,
G. Штрихкод,G09,Cancel галереї,Відкрити picker → Cancel,Камера не зламалась,,
G. Штрихкод,G10,Enter manually,Тап Enter manually,Шит з полем і Lookup,,
G. Штрихкод,G11,Manual порожньо,Lookup на порожньому,Lookup неактивний / помилка,,
G. Штрихкод,G12,Manual невалідний,Ввести `123`,Помилка invalid,,
G. Штрихкод,G13,Manual валідний,Реальний EAN → Lookup,Product details,,
G. Штрихкод,G14,Close manual,Close на шиті,Повернення до камери,,
G. Штрихкод,G15,Close сканера,Close,Pop на Home,,
G. Штрихкод,G16,Switch → Photo,Сегмент AI Photo,"Заміна на фото-камеру, без подвійного стека",,
G. Штрихкод,G17,Switch → Search,Сегмент Search,Екран пошуку,,
G. Штрихкод,G18,Switch → Voice,Сегмент Voice,Екран голосу,,
G. Штрихкод,G19,Offline,Airplane → скан,"Помилка lookup, не краш",,
G. Штрихкод,G20,Tooltip free scans,Дивитись підказку,Текст є; пейвол не блокує скан,,
G. Штрихкод,G21,Landscape / notch,Тримати зручно,Рамка і overlay не розʼїжджаються,,
H. AI фото їжі,H01,Дозвіл камери,Перший захід,"Системний промпт, далі превʼю",,
H. AI фото їжі,H02,Зйомка кадру,Тап у рамці / shutter,Identifying → recognized → result sheet,,
H. AI фото їжі,H03,Результат,Після аналізу,"Назва, score, ккал, Б/Ж/В, Add, Details",,
H. AI фото їжі,H04,Add з шита,Add,Add food entry (або лог) і шлях до Home,,
H. AI фото їжі,H05,View details,Details,Product details,,
H. AI фото їжі,H06,Закрити result,Close на шиті,Знову idle/камера,,
H. AI фото їжі,H07,Галерея страви,Gallery → фото їжі,Той самий аналіз,,
H. AI фото їжі,H08,Порожнє / не їжа,Фото стіни,"Помилка аналізу в статусі, не краш",,
H. AI фото їжі,H09,Capture fail,Закрити камеру системно / немає камери (симулятор),Повідомлення помилки,,
H. AI фото їжі,H10,Ліхтар,Flash,On/off,,
H. AI фото їжі,H11,Close,Close,Home,,
H. AI фото їжі,H12,Switch режимів,Сегмент Barcode/Search/Voice,Коректна заміна флоу,,
H. AI фото їжі,H13,Scan-line,Під час identifying,"Лінія вниз-вгору ~1.5 с, fade по краях",,
H. AI фото їжі,H14,Offline,Airplane → зйомка,Помилка аналізу,,
H. AI фото їжі,H15,Повторна зйомка,Після помилки зняти ще раз,Новий аналіз стартує,,
I. Голосовий лог,I01,Мікрофон Allow,Перший запис → Allow,"Слухає, waveform",,
I. Голосовий лог,I02,Мікрофон Deny,Don’t Allow,Помилка мікрофона в статусі,,
I. Голосовий лог,I03,Запис і стоп,Наговорити страву → стоп,"Transcript у полі, фаза recorded",,
I. Голосовий лог,I04,Редагування транскрипту,Виправити текст,"Analyze активний, якщо не порожньо",,
I. Голосовий лог,I05,Analyze порожньо,Стерти все → Analyze,Не стартує,,
I. Голосовий лог,I06,Analyze успіх,Analyze валідний текст,"Result sheet, Add / Details",,
I. Голосовий лог,I07,Analyze fail,«asdfgh» / offline,Помилка в статусі,,
I. Голосовий лог,I08,Add / Details,Як у фото,Add entry / Product details,,
I. Голосовий лог,I09,Clear,Clear,Повернення в idle,,
I. Голосовий лог,I10,Back,Back,"Home, запис зупинений",,
I. Голосовий лог,I11,Фоновий режим під час запису,Згорнути під час listening,Немає крашу; запис коректно стопається або відновлюється,,
J. Пошук їжі,J01,Відкриття з Quick Log,Search,"Поле, мікрофон, AI-блок, Results",,
J. Пошук їжі,J02,Порожній запит,Нічого не вводити / стерти,Списки порожні,,
J. Пошук їжі,J03,Успішний пошук,«chicken»,Suggested (до 2) + Results,,
J. Пошук їжі,J04,Debounce,Друкувати швидко,Немає запиту на кожну літеру; стабільний результат,,
J. Пошук їжі,J05,0 результатів,«zzzzzxq»,"Порожньо, без крашу",,
J. Пошук їжі,J06,Тап результату,Тап продукт,"Лог у Snacks, pop на Home, кільця оновились",,
J. Пошук їжі,J07,Мікрофон у пошуку,Mic → сказати продукт,"Текст у полі, пошук виконується",,
J. Пошук їжі,J08,Clear search,Clear,Поле і списки порожні,,
J. Пошук їжі,J09,Back,Back,Home,,
J. Пошук їжі,J10,Offline,Airplane → запит,"Порожні результати / помилка, не краш",,
J. Пошук їжі,J11,З Edit meal,Edit meal `+` → Search → тап,Продукт додається в цей прийом (не обовʼязково Snacks),,
J. Пошук їжі,J12,Довгий список,Запит з багатьма результатами,"Скрол плавний, картинки не валять FPS",,
J. Пошук їжі,J13,Немає картинки,Продукт без фото,"Плейсхолдер, лейаут живий",,
K1. Product details,K01,Контент,Відкрити з баркода/фото,"Фото, назва, score, нутрицієнти, інгредієнти (якщо є)",,
K1. Product details,K02,Score info,Тап інфо по score,Алерт з поясненням,,
K1. Product details,K03,Share,Share,Системний share sheet,,
K1. Product details,K04,Add to diary,Add,Add food entry,,
K1. Product details,K05,Add instead,Якщо є suggestion,Альтернатива йде в Add entry,,
K1. Product details,K06,Немає suggestion,Продукт без альтернативи,Блок suggestion схований,,
K1. Product details,K07,Немає інгредієнтів,,Секція ingredients схована,,
K1. Product details,K08,Back,Back,Попередній екран (камера/пошук),,
K2. Add food entry,K09,Дефолти,Відкрити,"Servings 1, meal можна змінити, дата сьогодні",,
K2. Add food entry,K10,Meal chips,Breakfast / Lunch / Snacks / Dinner,"Вибраний чіп, лог у цей прийом",,
K2. Add food entry,K11,Servings +,Тапати +,1→2→… нутрицієнти множаться,,
K2. Add food entry,K12,Servings −,На 1 тап −,Не йде нижче 1,,
K2. Add food entry,K13,Servings 99,Дотиснути до 99,Стоп на 99,,
K2. Add food entry,K14,Порція г,Змінити грами,Ккал перераховуються,,
K2. Add food entry,K15,Порція мл,Якщо продукт у мл,Парситься мл,,
K2. Add food entry,K16,Невалідна порція,«abc»,Відкат до попередньої,,
K2. Add food entry,K17,Change date минуле,Change date → вчора → Select,Бейдж дати оновився; запис у вчора (на Home сьогодні його не буде),,
K2. Add food entry,K18,Change date майбутнє,Завтра,Дата приймається (пікер без min/max),,
K2. Add food entry,K19,Close date sheet,Close без Select,Дата не змінена,,
K2. Add food entry,K20,Інгредієнт edit,Змінити рядок інгредієнта,Оновлюється,,
K2. Add food entry,K21,Інгредієнт порожній,Стерти рядок,Інгредієнт видаляється,,
K2. Add food entry,K22,Add успіх,Add,Алерт «added to {meal}» → OK → Home,,
K2. Add food entry,K23,Add помилка,(якщо є),"Алерт з текстом, не тихий fail",,
K2. Add food entry,K24,Back без Add,Back,Нічого не залогувалось,,
L. Edit meal,L01,Відкриття з їжею,Олівець на прийомі з 2+ позиціями,"Список, порції, AI-композер, Save, Close, `+`",,
L. Edit meal,L02,Порожній прийом,Олівець на порожньому,"Картка meal схована, композер є",,
L. Edit meal,L03,Зміна порції,Змінити г і закрити клавіатуру,Home після Save показує нові ккал,,
L. Edit meal,L04,Видалити одну,Delete на рядку,"Рядок зникає, сума ккал Home зменшилась",,
L. Edit meal,L05,Видалити останню,Видалити всі,"Картка meal ховається, Home порожній прийом",,
L. Edit meal,L06,Add через `+`,`+` → Search → продукт,Зʼявляється в цьому прийомі,,
L. Edit meal,L07,Close vs Save,Змінити порцію → Close,"Перевірити, що збережене (персиститься до Save) — поведінка має бути передбачувана, без «привиду»",,
L. Edit meal,L08,AI текст,«replace chicken with turkey» → Send,"Сканувальна анімація, позиція оновлюється",,
L. Edit meal,L09,AI з фото,Plus → gallery → фото → Send,Аналіз/заміна проходить,,
L. Edit meal,L10,AI mic,Mic у композері,Транскрипт у полі,,
L. Edit meal,L11,AI fail,Offline Send,Немає крашу; (зараз може не бути тоста — нотувати),,
L. Edit meal,L12,Scan overlay,Під час AI send,"Лінія по цільових рядках, fade по краях, loop 1.5 с",,
L. Edit meal,L13,Клавіатура,Фокус у композері,"Footer піднімається, список не перекритий",,
L. Edit meal,L14,Dismiss жестом,Свайп шита вниз,Закривається,,
M1. Intro,M01,Перший захід,Новий юзер / після реінсталу,"Intro: превʼю чату, 4 capability, CTA",,
M1. Intro,M02,Capability rows,Дивитись,"Chat, memory, recipes, insights",,
M1. Intro,M03,Start,Start,"Чат, intro більше не показується",,
M1. Intro,M04,Intro не повторюється,Start → інший таб → AI,Чат,,
M2. Чат,M05,Welcome в чаті,Порожня історія,Вітальне повідомлення асистента,,
M2. Чат,M06,Відправка тексту,Написати питання → Send,User bubble + відповідь,,
M2. Чат,M07,Порожній Send,Порожнє поле,Send неактивний / ігнор,,
M2. Чат,M08,Чіп Nutrition,Тап,"Відправляється промпт, відповідь про нутрицієнти",,
M2. Чат,M09,Чіп Meals,Тап,Відповідь про прийоми,,
M2. Чат,M10,Чіп Swaps,Тап,Пропозиції замін,,
M2. Чат,M11,Mic у чаті,Mic → мова,Текст у полі (ще не обовʼязково автоsend),,
M2. Чат,M12,Attach menu,Plus,Меню Camera / Gallery / Files,,
M2. Чат,M13,Attach camera,Camera → фото,"Повідомлення з фото, відповідь",,
M2. Чат,M14,Camera unavailable,Симулятор без камери,Алерт camera unavailable,,
M2. Чат,M15,Attach gallery,Gallery,Фото в чаті,,
M2. Чат,M16,Attach file,Files → картинка,Приймає image,,
M2. Чат,M17,Не-картинка у Files,PDF,Помилка noImage,,
M2. Чат,M18,Dismiss attach,Тап поза меню / dismiss button,Меню закрилось,,
M2. Чат,M19,Logged meal card,Попросити залогувати їжу і підтвердити,"Картка в чаті, їжа на Home",,
M2. Чат,M20,Undo logged meal,Undo на картці,Запис зникає з Home,,
M2. Чат,M21,Swap card Apply,Apply на swap,"Їжа замінена, XP swap можливий",,
M2. Чат,M22,Swap See more,See more,Додаткові опції / навігація без крашу,,
M2. Чат,M23,Recipe card Log,Якщо прийшла картка рецепта,Лог у щоденник,,
M2. Чат,M24,Water confirm,Попросити додати воду,Алерт Confirm/Cancel; Confirm → вода на Home,,
M2. Чат,M25,Water cancel,Cancel,Вода не додалась,,
M2. Чат,M26,Помилка мережі,Airplane → Send,"System message / failed, композер знову доступний",,
M2. Чат,M27,Клавіатура,Друкувати,Чат скролиться над композером,,
M2. Чат,M28,Довгий тред,20+ повідомлень,"Скрол до низу, FPS ок",,
M2. Чат,M29,History button,History,Екран історії,,
M2. Чат,M30,Back у чаті (tab root),Якщо є Back,Не ламає таб,,
M3. Історія чатів,M31,Список,Відкрити History після кількох чатів,"Секції, рядки",,
M3. Історія чатів,M32,Пошук,Ввести слово з минулого чату,Фільтр рядків,,
M3. Історія чатів,M33,Чіпи All/Nutrition/Meals/Swaps,Перемикати,Список фільтрується,,
M3. Історія чатів,M34,Mic пошуку,Mic,Текст у полі,,
M3. Історія чатів,M35,Clear search,Clear,Повний список,,
M3. Історія чатів,M36,Тап розмови,Тап рядка,Повернення в чат із цією сесією,,
M3. Історія чатів,M37,Clear all,Clear all,Історія порожня; чат на табі скидається до welcome,,
M3. Історія чатів,M38,Back,Back,Чат,,
N. Progress,N01,Контент,Відкрити Progress,"Title, subtitle (стрік/саммарі), 3 кнопки",,
N. Progress,N02,Немає графіків,Дивитись екран,[очікувано немає] чартів і превʼю фото,,
N1. Log weight,N03,Відкриття,Log weight,"Поле, слайдер, kg/lb, дата, Save",,
N1. Log weight,N04,Слайдер ↔ поле,Порухати слайдер,Число в полі збігається,,
N1. Log weight,N05,Ввід з клавіатури,Ввести 72.5,Слайдер підтягнувся,,
N1. Log weight,N06,kg → lb,Сегмент lb,"Конвертація, межі 66–440",,
N1. Log weight,N07,Межі,Спробувати 10 kg / 250 kg,Клампається до 30–200 kg,,
N1. Log weight,N08,Change date,Вчора → Save,Зберігається на ту дату (історії на екрані немає — перевірити відсутність помилки),,
N1. Log weight,N09,Save,Save,Pop на Progress,,
N1. Log weight,N10,Back без Save,Back,Вага не записалась,,
N1. Log weight,N11,Помилка збереження,(якщо є),Алерт,,
N1. Log weight,N12,Друга вага за день,Зберегти ще раз,Не краш (два записи або оновлення — нотувати фактичну поведінку),,
N2. Log workout,N13,Відкриття,Log exercise,"Типи, імʼя, дата, duration, calories, Save",,
N2. Log workout,N14,Кожен тип,Тапнути всі 6,"Імʼя підставляється, чіп вибраний",,
N2. Log workout,N15,Своє імʼя,Перейменувати,Зберігається кастомна назва,,
N2. Log workout,N16,Duration,Поставити 5 хв і 90 хв,"Мін 1 хв, значення зберігається",,
N2. Log workout,N17,Ккал порожньо,Не вводити ккал → Save,"0 ккал, без крашу",,
N2. Log workout,N18,Ккал число,250 → Save,Home burn зріс на ~250,,
N2. Log workout,N19,Change date,Інша дата → Save,Успіх,,
N2. Log workout,N20,Back,Back,Не збережено,,
N2. Log workout,N21,Клавіатура vs picker,Фокус calories / duration,Скрол не ховає Save,,
N3. Progress photo,N22,Крок 1,Відкрити,"«1/2 Front», shutter, gallery, flash, close",,
N3. Progress photo,N23,Front камера,Зняти,Перехід на Side 2/2,,
N3. Progress photo,N24,Front gallery,Gallery,Теж на Side,,
N3. Progress photo,N25,Side,Зняти side,"Закриває флоу, Progress знову",,
N3. Progress photo,N26,Close на кроці 1,Close,Нічого не збережено (або лише нічого видимого),,
N3. Progress photo,N27,Close на кроці 2,Після front → Close,Front уже збережене; side немає — нотувати,,
N3. Progress photo,N28,Flash,On/off,Працює,,
N3. Progress photo,N29,Дозвіл камери / галереї,Deny,"Алерт, не краш",,
N3. Progress photo,N30,Capture fail,Симулятор,Алерт помилки,,
O. Rewards / XP / бейджі,O01,Список,Відкрити Rewards,"Картка рівня (XP, прогрес) + 12 бейджів",,
O. Rewards / XP / бейджі,O02,Locked art,Новий юзер,Бейджі з 0 виглядають locked,,
O. Rewards / XP / бейджі,O03,Тап locked,Тап бейджа,"Деталь: прогрес X/Y, без конфеті unlock",,
O. Rewards / XP / бейджі,O04,Share на деталі,Share,Share sheet,,
O. Rewards / XP / бейджі,O05,View all / Close,Кнопки на деталі,Назад до списку / закриття,,
O. Rewards / XP / бейджі,O06,XP за їжу,Залогувати 1 продукт,+10 XP на картці рівня,,
O. Rewards / XP / бейджі,O07,XP за воду,`+` склянка,+5 XP,,
O. Rewards / XP / бейджі,O08,XP за вагу,Save weight,+15 XP,,
O. Rewards / XP / бейджі,O09,XP за workout,Save workout,+10 XP,,
O. Rewards / XP / бейджі,O10,XP за progress photo,Завершити front+side,"+25 за збереження (перевірити, чи раз чи двічі — нотувати)",,
O. Rewards / XP / бейджі,O11,Рівень ап,Набрати ≥100 XP,"Назва рівня Explorer, прогрес-бар",,
O. Rewards / XP / бейджі,O12,Unlock modal,Виконати умову бейджа,"Повноекранна деталь з конфеті, черга якщо кілька",,
O. Rewards / XP / бейджі,O13,Черга бейджів,Два анлоки підряд,Другий після закриття першого,,
O. Rewards / XP / бейджі,O14,Unlock на будь-якому табі,"Лог з Home, сидіти на Progress",Модалка поверх,,
Умови бейджів (окремі довгі кейси),O15,Meal Tracker Master,7 днів поспіль з будь-яким логом їжі,7 днів логу або зміна дати пристрою + логи,,
Умови бейджів (окремі довгі кейси),O16,Hydration Hero,7 днів поспіль вода ≥ денної цілі,Долити до цілі 7 днів,,
Умови бейджів (окремі довгі кейси),O17,Consistent Weigher,3 тижні поспіль із записом ваги,Вага в 3 різних тижнях,,
Умови бейджів (окремі довгі кейси),O18,Macro Balancer,5 днів balanced macros,"Дні, коли score має badge balanced",,
Умови бейджів (окремі довгі кейси),O19,Fiber Champion,7 днів fiber ≥ цілі,Їжа з клітковиною до цілі,,
Умови бейджів (окремі довгі кейси),O20,Weekend Warrior,2 вихідні підряд з їжею або workout,Сб/Нд логи,,
Умови бейджів (окремі довгі кейси),O21,Protein Master,3 дні білок ≥ цілі,,,
Умови бейджів (окремі довгі кейси),O22,Early Bird Logger,5 днів їжа з hour < 9,Залогувати вранці,,
Умови бейджів (окремі довгі кейси),O23,Smart Choice,7 днів зі swap,Заміни через AI/swap картку,,
Умови бейджів (окремі довгі кейси),O24,Visual Journey,7 днів progress photo,,,
Умови бейджів (окремі довгі кейси),O25,No Late Snacks,3 дні вся їжа до 21:00,Не логувати після 21,,
Умови бейджів (окремі довгі кейси),O26,Nutrient Explorer,7 днів ≥3 різних назв продуктів за день,,,
Умови бейджів (окремі довгі кейси),O27,Стрік на Progress subtitle,Логи їжі кілька днів,Subtitle показує стрік,,
Умови бейджів (окремі довгі кейси),O28,Стрік рветься,Пропустити день логу їжі,Current streak скидається,,
P. Recipes,P01,Placeholder таб,Відкрити Recipes,"Фон онбордингу, великий тайтл таба, немає пошуку рецептів",,
P. Recipes,P02,Немає крашу,Зайти/вийти 5 разів,Стабільно,,
P. Recipes,P03,Каталог рецептів,Шукати список/AI generate/saved,[очікувано немає] у табі,,
"Q. Дозволи, Health, нотифікації",Q01,Camera copy,Перший баркод/фото,"Текст usage EN або UK, не дефолт Apple",,
"Q. Дозволи, Health, нотифікації",Q02,Mic copy,Перший голос,Локалізований usage,,
"Q. Дозволи, Health, нотифікації",Q03,Photo library copy,Якщо система питає,Локалізований usage,,
"Q. Дозволи, Health, нотифікації",Q04,Health copy,Онбординг Continue,Share + update usage,,
"Q. Дозволи, Health, нотифікації",Q05,Notifications після онбордингу,"Перший вхід на таби, .notDetermined",Системний запит нотифікацій,,
"Q. Дозволи, Health, нотифікації",Q06,Notifications Allow,Allow,Немає спаму промптами,,
"Q. Дозволи, Health, нотифікації",Q07,Notifications Deny,Don’t Allow,Апка жива; нагадування не приходять,,
"Q. Дозволи, Health, нотифікації",Q08,Нагадування breakfast,"Allow, зачекати 08:00 (або змінити час пристрою)",Локальна нотифікація breakfast,,
"Q. Дозволи, Health, нотифікації",Q09,Lunch 13:00,,Нотифікація,,
"Q. Дозволи, Health, нотифікації",Q10,Dinner 19:00,,Нотифікація,,
"Q. Дозволи, Health, нотифікації",Q11,Water 10:30 / 15:00 / 18:30,,Три водні слоти,,
"Q. Дозволи, Health, нотифікації",Q12,Weight 07:30,,Нотифікація ваги,,
"Q. Дозволи, Health, нотифікації",Q13,Streak 21:00,,Нотифікація стріка,,
"Q. Дозволи, Health, нотифікації",Q14,Health sync після Allow,Залогувати воду/їжу/вагу/workout на девайсі з Health,Зʼявляється в Apple Health відповідна категорія,,
"Q. Дозволи, Health, нотифікації",Q15,Health Deny,Онбординг Maybe later / Deny,Апка працює локально,,
"Q. Дозволи, Health, нотифікації",Q16,Імпорт з Health,Якщо в Health є вага/тренування/вода,"Може підтягнутись після bootstrap (нотувати, що саме зʼявилось на Home)",,
"Q. Дозволи, Health, нотифікації",Q17,Settings Health toggles,Шукати екран Settings,[очікувано немає] UI вимикачів sync,,
"R. Локалізація, тема, адаптив",R01,EN повний прохід,Система EN,"Немає ключів `foo.bar`, немає українських шматків",,
"R. Локалізація, тема, адаптив",R02,UK повний прохід,Система UK,Усі основні екрани українською,,
"R. Локалізація, тема, адаптив",R03,Мікс Infoplist,UK + перший дозвіл камери,Текст дозволу українською,,
"R. Локалізація, тема, адаптив",R04,Light,,"Контраст, кільця, картки",,
"R. Локалізація, тема, адаптив",R05,Dark,,Те саме,,
"R. Локалізація, тема, адаптив",R06,Зміна теми наживо,Control Center під час Home / Welcome / AI / Edit meal,Перефарбовується без рестарту,,
"R. Локалізація, тема, адаптив",R07,Dynamic Type,Accessibility → найбільший шрифт,Не ріже кнопки Continue / Save; можна скролити,,
"R. Локалізація, тема, адаптив",R08,iPhone SE,,"Немає накладань, таббар доступний",,
"R. Локалізація, тема, адаптив",R09,iPhone Pro Max,,"Не розтягнуто «як планшет», відступи живі",,
"R. Локалізація, тема, адаптив",R10,Landscape,Повернути Home / камеру,"Або коректний layout, або лок портрета — нотувати факт",,
"R. Локалізація, тема, адаптив",R11,Safe area / Dynamic Island / home indicator,,Кнопки не під notch і не під home bar,,
"R. Локалізація, тема, адаптив",R12,iPad,Якщо є,"Клампанний scale, спліт не ламає XIB",,
"R. Локалізація, тема, адаптив",R13,Клавіатура overlay,"Search, Add entry, чат, glass volume",Поля видимі,,
S. Життєвий цикл даних,S01,Kill після логу їжі,Залогувати → вбити апку,Їжа на місці,,
S. Життєвий цикл даних,S02,Kill після води,,Вода на місці,,
S. Життєвий цикл даних,S03,Kill після ваги/workout,,Дані на місці,,
S. Життєвий цикл даних,S04,Онбординг completed persist,Пройти план → вбити,Не показує Welcome,,
S. Життєвий цикл даних,S05,AI intro persist,Start intro → вбити,"Чат, не intro",,
S. Життєвий цикл даних,S06,Обʼєм склянки persist,330 ml → вбити,Залишився 330,,
S. Життєвий цикл даних,S07,Eaten persist,Позначити eaten → вбити,Страйк лишився,,
S. Життєвий цикл даних,S08,Видалення апки,Delete app,"Усі дані зникають, онбординг знову",,
S. Життєвий цикл даних,S09,Багато записів,30+ продуктів за день,"Home скролиться, без лагів",,
S. Життєвий цикл даних,S10,Реінсталл віджета,Після delete,Віджет порожній/плейсхолдер,,
T. Мережа і помилки,T01,Offline пошук,Airplane,Порожньо / помилка,,
T. Мережа і помилки,T02,Offline баркод lookup,,Помилка hint,,
T. Мережа і помилки,T03,Offline фото-аналіз,,Помилка статусу,,
T. Мережа і помилки,T04,Offline голос-аналіз,Після транскрипту Analyze,Помилка,,
T. Мережа і помилки,T05,Offline AI чат,Send,Failed message,,
T. Мережа і помилки,T06,Offline Edit meal AI,Send,Не краш,,
T. Мережа і помилки,T07,Повернення мережі,"Вимкнути Airplane, повторити",Успіх,,
T. Мережа і помилки,T08,Повільна мережа,Network Link Conditioner 3G,"Лоадери/статуси, не подвійний сабміт",,
T. Мережа і помилки,T09,Таймаут,Обрізати мережу посеред аналізу,"Відновлення UI, можна повторити",,
U. Віджет,U01,Додати віджет,Home Screen → Bity → Medium,Віджет ставиться,,
U. Віджет,U02,Порожні дані,Відразу після інсталу,"«—» / порожнє кільце, не краш SpringBoard",,
U. Віджет,U03,Після логу в апці,Залогувати їжу і воду,Може не оновитись (snapshot зараз не хукається) — нотувати факт,,
U. Віджет,U04,Тап по віджету,Тап не на Log,Відкриває апку (deep link `bity://home` може не оброблятись — нотувати куди падає),,
U. Віджет,U05,Тап Log,Кнопка Log,Може не відкрити Quick Log (`bity://log` без handler) — нотувати,,
U. Віджет,U06,Локаль віджета,UK система,Підписи UK,,
U. Віджет,U07,Dark віджет,Dark,Читабельно,,
"V. Те, чого немає в UI (не баг, якщо відсутнє)",V01,Settings / профіль,,Кнопка person на Home нічого не відкриває,,
"V. Те, чого немає в UI (не баг, якщо відсутнє)",V02,Екран цілей/аватара/преміум,,Немає,,
"V. Те, чого немає в UI (не баг, якщо відсутнє)",V03,Paywall Adapty,,Ніде не показується з фіч,,
"V. Те, чого немає в UI (не баг, якщо відсутнє)",V04,Гейт «безкоштовні скани»,,Баркод/фото працюють без підписки,,
"V. Те, чого немає в UI (не баг, якщо відсутнє)",V05,Каталог Recipes,,Таб — placeholder,,
"V. Те, чого немає в UI (не баг, якщо відсутнє)",V06,Text food logging,,Немає входу з Home/Quick Log,,
"V. Те, чого немає в UI (не баг, якщо відсутнє)",V07,Зміна дня щоденника,,Немає UI prev/next/calendar,,
"V. Те, чого немає в UI (не баг, якщо відсутнє)",V08,Графіки Progress,,Немає,,
"V. Те, чого немає в UI (не баг, якщо відсутнє)",V09,Галерея progress photos,,Немає перегляду збережених фото,,
"V. Те, чого немає в UI (не баг, якщо відсутнє)",V10,Terms/Privacy тапи,,Welcome футер не клікабельний,,
W. Наскрізні сценарії,W01,Повний день юзера,Онбординг → сніданок через edit+search → обід баркод → снек фото → вечеря голос → вода до цілі → вага → 20 хв walk → фото прогресу → AI «що мені ще зʼїсти»,"Усе на Home сходиться: ккал, макроси, вода, burn, Rewards XP зросли",,
W. Наскрізні сценарії,W02,Заміна продукту,Lunch з куркою → Edit meal AI swap / чат swap,"Стара позиція замінена, ккал інші, Smart Choice прогрес",,
W. Наскрізні сценарії,W03,Undo з чату,AI залогував → Undo,"Home без цього запису, кільця відкотились",,
W. Наскрізні сценарії,W04,Два методи в один прийом,Search + barcode в Snacks,"Обидва рядки, сума правильна",,
W. Наскрізні сценарії,W05,Лог не в той прийом,Quick Log (Snacks) потім Add entry meal = Breakfast,Можна покласти в Breakfast з Add entry; Quick Log лишається Snacks,,
W. Наскрізні сценарії,W06,Вчорашня їжа,Add entry дата вчора,Сьогоднішній Home без неї; кільця сьогоднішні не враховують вчора,,
W. Наскрізні сценарії,W07,Health + локальний лог,"Health Allow, залогувати воду в апці",Немає дубля «дві склянки» на Home (або нотувати дубль — це баг),,
W. Наскрізні сценарії,W08,Повернення на камеру після details,Баркод → details → Back,Камера знову жива,,
W. Наскрізні сценарії,W09,Mode switch посеред флоу,Photo → Barcode → Search → Voice,"Кожен екран валідний, стек не росте нескінченно",,
W. Наскрізні сценарії,W10,Badge під час логу,Закрити unlock → одразу новий лог,UI не блокується,,
W. Наскрізні сценарії,W11,Багато шитів,Quick log → dismiss → glass volume → dismiss → edit meal,"Усі дізмісяться, Home клікабельний",,
W. Наскрізні сценарії,W12,Memory pressure,Галерея + чат з фото + Home,Немає джетсам посеред флоу (на старому девайсі),,
W. Наскрізні сценарії,W13,Час пристрою,"Змінити дату на завтра, відкрити апку","«Порожній» новий день, вчорашнє не змішалось",,
W. Наскрізні сценарії,W14,Локаль під час сесії,"Змінити мову системи, не вбиваючи апку",Після рестарту апки мова нова,,
X1. Запис їжі фразами,X01,Сніданок як в intro EN,`I had oatmeal with blueberries and black coffee for breakfast.`,"Картка logged meal, Breakfast на Home, ккал > 0, кільце зросло",,
X1. Запис їжі фразами,X02,Сніданок як в intro UK,`На сніданок була вівсянка з чорницями і чорна кава.`,Те саме в Breakfast,,
X1. Запис їжі фразами,X03,"Одна страва, без прийому",`з'їв яблуко`,Лог є. Прийом — який AI вибрав (часто snacks). Нотувати куди поклав,,
X1. Запис їжі фразами,X04,Явно обід,`на обід борщ і шматок хліба`,"1 або 2 картки логу, рядки в Lunch",,
X1. Запис їжі фразами,X05,Явно вечеря + грами,`на вечерю 200 г курки гриль і салат`,"Dinner, порція ~200 г якщо модель передала grams",,
X1. Запис їжі фразами,X06,Напій у мл,`випив лате 300 мл`,"Запис з мл, ккал лате не 0",,
X1. Запис їжі фразами,X07,Перекус,`снек: протеїновий батончик`,Snacks,,
X1. Запис їжі фразами,X08,Кілька продуктів одним реченням,"`яйця, тост і авокадо на сніданок`",Кілька карток або один комбо-запис. Нотувати як модель зробила. Home сходиться з сумою в чаті,,
X1. Запис їжі фразами,X09,Порція «тарілка / жменя»,`жменя мигдалю`,"Лог з розумною порцією, не 0 ккал",,
X1. Запис їжі фразами,X10,Бренд / фастфуд,`бігмак і кола`,"Лог, ккал явно ресторанного порядку (не 50)",,
X1. Запис їжі фразами,X11,Сленг / опечатка,`зїла омлєт з сиром`,Все одно розпізнав і залогував,,
X1. Запис їжі фразами,X12,Англійська в UK-апі,"Система UK, фраза `grilled salmon 150g for dinner`",Лог у Dinner,,
X1. Запис їжі фразами,X13,Українська в EN-апі,"Система EN, фраза `сирники зі сметаною`","Лог, назва читабельна",,
X1. Запис їжі фразами,X14,Нульова / жарт їжа,`з'їв повітря`,Немає фейкового логу 500 ккал або модель відмовила текстом без картки,,
X1. Запис їжі фразами,X15,Не їжа,`який сьогодні курс долара?`,"Текстова відповідь, немає картки їжі/води",,
X1. Запис їжі фразами,X16,Порожнє «запиши їжу»,`запиши що я з'їв` (без назви),"Уточнює питанням, не створює порожній рядок",,
X1. Запис їжі фразами,X17,Дубль,Двічі підряд `з'їв яблуко`,Два записи (або модель питає). Нотувати. Кільце = сумі,,
X1. Запис їжі фразами,X18,Undo після логу,X01 → Undo на картці,"Рядок зник з Home, кільце відкотилось, статус undone",,
X1. Запис їжі фразами,X19,Undo один з двох,X08 два логи → Undo лише на другому,Перший лишився,,
X2. Вода з чату,X20,Склянка,`додай склянку води`,"Алерт з N мл (часто 150–250). Confirm → Home +N мл, XP +5",,
X2. Вода з чату,X21,Точний обʼєм,`запиши 500 мл води`,"Алерт 500. Confirm → лічильник +500, не +1 склянка 150",,
X2. Вода з чату,X22,Дві склянки,`випив 2 склянки води`,Алерт з ~2× обʼємом або два підтвердження. Нотувати N,,
X2. Вода з чату,X23,Літри,`випив 1 літр води`,Алерт ~1000 мл,,
X2. Вода з чату,X24,Cancel,X21 → Cancel,"Вода на Home не змінилась, в чаті system cancelled",,
X2. Вода з чату,X25,Confirm після Cancel,Знову `запиши 250 мл води` → Confirm,Цього разу додалось,,
X2. Вода з чату,X26,Вода + їжа в одному,`з'їв яблуко і випив 200 мл води`,Картка їжі і алерт води. Підтвердити воду окремо,,
X2. Вода з чату,X27,AI вода ≠ розмір склянки Home,Склянка Home = 150. Чат `запиши 500 мл` → Confirm,"Лічильник +500. Візуал 8 склянок заповнюється пропорційно до денної цілі, не «+1 пляшка»",,
X2. Вода з чату,X28,Мінус після AI-води,X21 Confirm → на Home `−`,"Зникає останній запис (усі 500 мл), не 150",,
X3. Свапи і заміни,X29,Чіп Swaps,Тап «Заміни їжі» / `Food Swaps`,"У чат пішла назва чіпа, прийшли swap-картки або текст з ідеями",,
X3. Свапи і заміни,X30,Свап названої страви,Lunch: курка. `заміни курку на індичку`,"Картка swap курка → індичка, savings ккал. Щоденник ще не змінений",,
X3. Свапи і заміни,X31,Apply,X30 → Apply,Картка стає logged meal. Lunch оновлений (replace) або новий рядок у Snacks (якщо без target). Нотувати куди,,
X3. Свапи і заміни,X32,See more,X30 → See more,"У чат іде `See More Options` / `Більше варіантів`, нові картки",,
X3. Свапи і заміни,X33,Ігнор свапа,"X30, не тиснути Apply, відкрити Home",Оригінальна курка на місці,,
X3. Свапи і заміни,X34,Replace явно,"`це була не курка, а індичка, виправ`","Replace: курка зникла, індичка є, не два рядки",,
X3. Свапи і заміни,X35,Свап без їжі в щоденнику,"Порожній день, `заміни піцу на салат`",Картка все одно може бути; Apply додасть альтернативу в Snacks. Нотувати,,
X4. Ідеї страв і рецепти,X36,Чіп Meals,Тап «Ідеї страв»,Recipe-картки з ккал/макросами,,
X4. Ідеї страв і рецепти,X37,Вечеря в ліміт,"Спочатку зʼїсти ~80% ккал. `що приготувати на вечерю, щоб влізти в ціль?`",Варіанти з ккал ≤ remaining (орієнтовно),,
X4. Ідеї страв і рецепти,X38,Log з картки,X36 → Log на одній картці,"Запис у вказаний mealType картки, Home оновився",,
X4. Ідеї страв і рецепти,X39,Не логувати картку,"Відкрити картки, нічого не тиснути",Щоденник без змін,,
X4. Ідеї страв і рецепти,X40,Рецепт під ціль (intro capability),`дай рецепт вечері близько 500 ккал з високим білком`,Картки або текст рецепта з Б/Ж/В,,
X4. Ідеї страв і рецепти,X41,Швидка вечеря,"`вечеря за 15 хвилин, без духовки`",Ідеї з коротким cook time,,
X5. Nutrition Q&A і контекст дня,X42,Чіп Nutrition,Тап «Питання про харчування»,"Текстова відповідь про нутрицієнти, не обовʼязково картка",,
X5. Nutrition Q&A і контекст дня,X43,Скільки ще можна,Залогувати ~400 ккал. `скільки калорій мені ще можна сьогодні?`,Число близьке до remaining на Home (± невелика похибка моделі),,
X5. Nutrition Q&A і контекст дня,X44,Білок,`чи я закрив білок?`,Відповідь спирається на зʼїдений protein vs target,,
X5. Nutrition Q&A і контекст дня,X45,Порожній день,Нічого не зʼїдено. `як мій прогрес сьогодні?`,"Каже що день порожній / 0, не вигадує обід",,
X5. Nutrition Q&A і контекст дня,X46,Вода vs ціль,"1 склянка 150, ціль ~2 л. `скільки води ще треба?`",Залишок близький до цілі − 150,,
X5. Nutrition Q&A і контекст дня,X47,Мікропорада (insights),Після жирного обіду: `дай одну коротку пораду на сьогодні`,"Короткий текст, без обовʼязкового логу",,
X6. Памʼять сесії (кілька реплік підряд),X48,Same lunch (intro),1) `на обід гречка з куркою` (підтвердити лог) 2) `запиши той самий обід ще раз`,"Другий лог схожий на перший, не «не зрозумів»",,
X6. Памʼять сесії (кілька реплік підряд),X49,Уточнення порції,"1) `з'їв пасту` 2) `ні, це була маленька порція, грамм 150`","Або replace, або новий лог зі зменшеними ккал. Home не має двох великих паст без причини",,
X6. Памʼять сесії (кілька реплік підряд),X50,Питання після логу,1) X01 вівсянка 2) `а скільки там було білка?`,"Відповідь про цю вівсянку, не загальний Wikipedia",,
X6. Памʼять сесії (кілька реплік підряд),X51,Ланцюжок дня,1) сніданок 2) `скільки залишилось ккал` 3) `запропонуй обід` 4) Log картки 5) `додай 300 мл води` Confirm,"Home: breakfast+lunch, вода +300, remaining зменшився двічі",,
X6. Памʼять сесії (кілька реплік підряд),X52,Алергія → порада,"1) `я алергік на арахіс, запам'ятай` 2) `що перекусити`",Не пропонує арахисове масло / Snickers з peanut. Preference Saved,,
X6. Памʼять сесії (кілька реплік підряд),X53,Дієта,1) `я вегетаріанець` 2) чіпа Meals або `вечеря`,Без мʼяса/риби в картках,,
X6. Памʼять сесії (кілька реплік підряд),X54,Не люблю,1) `не люблю броколі` 2) `салат на вечерю`,Без броколі,,
X6. Памʼять сесії (кілька реплік підряд),X55,Довгий тред,12 коротких питань підряд (`ще`),"Скрол живий, send не блокується, після 20 історія підрізається — найстаріше може «забутись»",,
X6. Памʼять сесії (кілька реплік підряд),X56,Історія після kill,X51 → вбити апку → AI таб,"Останні репліки на місці (не карти, а текст user/assistant)",,
X6. Памʼять сесії (кілька реплік підряд),X57,Clear all посеред дня,Після X51 History → Clear all,Welcome знову. «Той самий обід» більше не згадує X51,,
"X7. Фото, голос, мова в чаті",X58,Тільки фото страви,"Attach gallery, без тексту","User bubble «Фото» / `Photo`, аналіз, бажано logged meal",,
"X7. Фото, голос, мова в чаті",X59,Фото + підпис,"Gallery, потім дописати `це обід, порція велика` — якщо UI шле фото одразу: надіслати фото, наступним повідомленням уточнити","Або одразу лог Lunch, або replace після другої репліки",,
"X7. Фото, голос, мова в чаті",X60,Фото не їжі,Селфі / стіл,"Текст «не розпізнав» / прохання перезняти, без рандомного логу",,
"X7. Фото, голос, мова в чаті",X61,Камера з чату,Attach → Camera → страва,Як X58,,
"X7. Фото, голос, мова в чаті",X62,Файл-картинка,Attach → Files → jpg,Як X58,,
"X7. Фото, голос, мова в чаті",X63,Mic → текст → Send,"Наговорити `на сніданок омлет`, перевірити поле, Send",Лог Breakfast,,
"X7. Фото, голос, мова в чаті",X64,Mic без Send,Наговорити і стерти,Нічого не пішло,,
"X7. Фото, голос, мова в чаті",X65,Подвійний Send,Тицьнути Send двічі на одному тексті,"Один запит (isSending блокує), не два логи",,
X8. Негативні / краї чату,X66,Offline,Airplane → будь-яка фраза,"System error, Failed, поле знову доступне",,
X8. Негативні / краї чату,X67,Дуже довге повідомлення,Вставити 2–3 тис. символів меню,Не краш; відповідь або помилка,,
X8. Негативні / краї чату,X68,Тільки емодзі,`🍕🍔`,"Або лог піци/бургера, або уточнення",,
X8. Негативні / краї чату,X69,Змішана мова,`сьогодні lunch was sushi`,Лог Lunch,,
X8. Негативні / краї чату,X70,Просить видалити,Після логу: `видали це яблуко`,"Або replace/delete ефект на Home, або каже відкрити edit. Нотувати. Undo картки має працювати завжди",,
Y. Склянки води — повний набір,Y01,Дефолт 150,"Новий юзер, `+`","+150 мл, 1 слот частково/повністю залежно від цілі",,
Y. Склянки води — повний набір,Y02,Пʼять плюсів,`+` × 5 при 150,"+750 мл, 5 записів, `−` знімає по 150",,
Y. Склянки води — повний набір,Y03,"Зміна 150 → 330, потім `+`",Олівець → 330 → Save → `+`,"Новий запис 330, старі 150 не перераховуються",,
Y. Склянки води — повний набір,Y04,Усі чіпи,"По черзі 150, 200, 250, 330, після кожного Save зробити `+` і `−`",Кожен `+` = обраний обʼєм,,
Y. Склянки води — повний набір,Y05,Кастом 180,Ввести 180 → Save → `+` × 2,"+360, два записи по 180",,
Y. Склянки води — повний набір,Y06,Кастом 1 мл,Ввести 1 → Save → `+`,"Дозволяє (> 0), слот майже порожній",,
Y. Склянки води — повний набір,Y07,Велика склянка 1000,Ввести 1000 → Save → `+`,"+1000 за один тап, кілька слотів заповнюються одразу",,
Y. Склянки води — повний набір,Y08,Рівно до цілі,Дивитись ціль (наприклад 2450). Склянка 250. Плюсати до цілі,"Лічильник = ціль, слоти повні",,
Y. Склянки води — повний набір,Y09,Один плюс понад ціль,Після Y08 ще `+`,"Лічильник > цілі, без крашу, слоти max",,
Y. Склянки води — повний набір,Y10,Мінус посередині,4 склянки → `−` × 2,"Лишилось 2, останні зникли",,
Y. Склянки води — повний набір,Y11,Мінус усі,`−` до нуля,"0, слоти порожні, ще `−` — no-op",,
Y. Склянки води — повний набір,Y12,Змішані обʼєми,"150, змінити на 330, `+`, `−`","`−` знімає 330 (останній), лишається 150",,
Y. Склянки води — повний набір,Y13,AI 500 + Home 150,"Чат 500 Confirm, потім Home `+`","Сума 650. `−` спочатку знімає 150, наступний `−` — 500",,
Y. Склянки води — повний набір,Y14,Закрити шит склянки жестом,"Змінити чіп, свайп вниз",Обʼєм не зберігся,,
Y. Склянки води — повний набір,Y15,Клавіатура на шиті,Фокус у полі,"Цифри, select-all, суфікс ml після blur",,
Y. Склянки води — повний набір,Y16,Dark + UK на шиті,,"Чіпи «150 мл» тощо, без ключів",,
Y. Склянки води — повний набір,Y17,Persist обʼєму,250 Save → kill app → `+`,Додалось 250,,
Y. Склянки води — повний набір,Y18,Анімація 8 слотів,Повільно плюсати від 0 до цілі,"Слоти наповнюються зліва направо, частковий останній",,
Z1. Пошук — різні запити,Z01,Продукт EN,`chicken breast`,"Є результати, тап → Snacks",,
Z1. Пошук — різні запити,Z02,Продукт UK,`куряча грудка`,Результати українською/локаллю,,
Z1. Пошук — різні запити,Z03,Бренд,`Coca-Cola` або `Coca Cola`,"Напій, ккал на порцію",,
Z1. Пошук — різні запити,Z04,Страва,`борщ`,Результат або AI-підказка зверху,,
Z1. Пошук — різні запити,Z05,Короткий,`egg`,Не порожньо,,
Z1. Пошук — різні запити,Z06,З одиницею,`рис 100г`,Пошук живий (може ігнорувати «100г»),,
Z1. Пошук — різні запити,Z07,Два слова,`greek yogurt`,"Йогурт, не випадкове мʼясо",,
Z1. Пошук — різні запити,Z08,Немає в базі,`qwertyfoodzzz`,0 результатів,,
Z1. Пошук — різні запити,Z09,Тап suggested vs results,Порівняти 2 AI suggested і рядок нижче,"Обидва логують, різні продукти",,
Z1. Пошук — різні запити,Z10,Пошук з Edit Breakfast,Олівець Breakfast → `+` → `банан` → тап,"Банан у Breakfast, не Snacks",,
Z2. Баркод — різні коди,Z11,Типовий EAN-13,Реальна пляшка/пачка,Product details з назвою бренду,,
Z2. Баркод — різні коди,Z12,Другий продукт,Інший штрихкод одразу після Back,"Новий продукт, не кеш першого",,
Z2. Баркод — різні коди,Z13,Напій vs тверде,Кола vs йогурт,мл vs г у порції на Add entry,,
Z2. Баркод — різні коди,Z14,Manual той самий код,"Сканувати, запамʼятати цифри, Enter manually",Той самий продукт,,
Z2. Баркод — різні коди,Z15,Add entry → Breakfast,Після баркода meal chip Breakfast → Add,На Home у Breakfast,,
Z3. Фото — різні кадри,Z16,Одна тарілка,Омлет / каша,"1 страва, ккал > 0",,
Z3. Фото — різні кадри,Z17,Комбо на тарілці,Мʼясо + гарнір + овочі,"Або 1 комбо, або кілька інгредієнтів. Нотувати",,
Z3. Фото — різні кадри,Z18,Упаковка з етикеткою,Йогурт крупним планом,Назва схожа на упаковку,,
Z3. Фото — різні кадри,Z19,Напій у склянці,Кава / сік,Не плутає з супом безглуздо; є мл або ккал,,
Z3. Фото — різні кадри,Z20,Погане світло,Темне фото,"Або низька впевненість / помилка, не краш",,
Z3. Фото — різні кадри,Z21,Далеко / розмито,З 2 метрів,"Помилка або «не впевнений», без фантастичного логу",,
Z3. Фото — різні кадри,Z22,Gallery зі старого фото,Фото вчорашнього обіду,"Аналіз ок, дата логу — сьогодні (поки не змінити в Add entry)",,
Z4. Голос — різні фрази,Z23,Одне слово,`яблуко`,Transcript → Analyze → продукт,,
Z4. Голос — різні фрази,Z24,Речення,`на обід з'їв пасту карбонара`,"Analyze розуміє страву; далі Add entry, meal можна поставити Lunch",,
Z4. Голос — різні фрази,Z25,Перелік,"`яйце, огірок і хліб`",Кілька інгредієнтів у результаті або комбо,,
Z4. Голос — різні фрази,Z26,Порція голосом,`двісті грам курки`,~200 г,,
Z4. Голос — різні фрази,Z27,UK голос,"Система UK, говорити українською",Transcript українською,,
Z4. Голос — різні фрази,Z28,Шум,Аналізувати в галасливій кімнаті,"Або норм, або помилка — не краш",,
Z4. Голос — різні фрази,Z29,Виправити transcript,"Наговорити «суп», руками змінити на «борщ» → Analyze",Результат борщ,,
Z5. Комбо методів за один прийом,Z30,Search + barcode в Snacks,Два Quick Log підряд,"Два рядки Snacks, сума ккал = сумі details",,
Z5. Комбо методів за один прийом,Z31,Фото + голос,"Спочатку фото в Snacks, потім голос",Два рядки,,
Z5. Комбо методів за один прийом,Z32,Чат + пошук,"X01 сніданок, потім Quick Log яблуко","Breakfast з чату, яблуко в Snacks",,
Z5. Комбо методів за один прийом,Z33,Edit meal докирити,Breakfast порожній → олівець → search яйце → ще search тост,Обидва в Breakfast,,
Z5. Комбо методів за один прийом,Z34,Змінити meal після фото,Фото → Add entry → Dinner → Add,"Dinner, не Snacks",,
Z5. Комбо методів за один прийом,Z35,Вчора з Add entry,Будь-який метод → Change date вчора,Сьогоднішні кільця без цього запису,,
AA. Edit meal AI — фрази в композері страви,AA01,Додати продукт,`додай рис`,"Новий рядок рис у цьому прийомі, Home ккал зросли",,
AA. Edit meal AI — фрази в композері страви,AA02,Додати з грамами,`додай 150 г рису`,Рис ~150 г,,
AA. Edit meal AI — фрази в композері страви,AA03,Додати напій,`додай каву 200 мл`,Рядок з мл,,
AA. Edit meal AI — фрази в композері страви,AA04,Видалити назву,`видали яйця` / `прибери яйця`,Рядка яєць немає (якщо модель зробила replace порожнім — нотувати; інакше delete вручну має працювати завжди),,
AA. Edit meal AI — фрази в композері страви,AA05,Замінити один,`заміни тост на цільнозерновий хліб`,"Тост зник, хліб є, авокадо на місці",,
AA. Edit meal AI — фрази в композері страви,AA06,Порція менша,`зроби авокадо 50 г`,"Ккал авокадо зменшились, інші рядки ті самі",,
AA. Edit meal AI — фрази в композері страви,AA07,Порція більша,`яйця на 300 г`,Ккал яєць зросли,,
AA. Edit meal AI — фрази в композері страви,AA08,Scan overlay на назві,AA05 під час send,"Анімація на рядку тоста, не на всіх, якщо в промпті є «тост» (≥4 літери)",,
AA. Edit meal AI — фрази в композері страви,AA09,Overlay на всіх,`зроби все легше` (без назв),Скан по всіх рядках,,
AA. Edit meal AI — фрази в композері страви,AA10,Порожній прийом + add,Dinner порожній → `додай салат`,Картка meal з’являється з салатом,,
AA. Edit meal AI — фрази в композері страви,AA11,EN у UK системі,`add chicken 120g`,Рядок курки,,
AA. Edit meal AI — фрази в композері страви,AA12,Два продукти,`додай огірок і помідор`,1 або 2 рядки. Нотувати,,
AA. Edit meal AI — фрази в композері страви,AA13,Фото в Edit meal,Plus → gallery → тарілка,Новий/оновлений рядок після аналізу,,
AA. Edit meal AI — фрази в композері страви,AA14,Mic у Edit meal,Наговорити `додай банан` → Send якщо треба,Банан у списку,,
AA. Edit meal AI — фрази в композері страви,AA15,Вода з Edit meal,`додай 300 мл води`,Вода не логується звідси (tool ігнор). Щоденник води без змін,,
AA. Edit meal AI — фрази в композері страви,AA16,Suggestions автолог,`що ще додати до сніданку?`,Якщо прийшли ідеї — перша вже в списку без окремого Log. Нотувати сюрприз,,
AA. Edit meal AI — фрази в композері страви,AA17,Double Send,Send двічі на `додай рис`,Не два рис без потреби (isSending),,
AA. Edit meal AI — фрази в композері страви,AA18,Offline send,Airplane → Send,"Не краш, список як був, скан зникає",,
AA. Edit meal AI — фрази в композері страви,AA19,Закрити під час send,Send → одразу свайп шита,Немає крашу; після повернення дані консистентні,,
AA. Edit meal AI — фрази в композері страви,AA20,Історія композера,AA01 потім `і ще яйце`,"Друга команда в тому ж прийомі, історія жива до 20",,
AA. Edit meal AI — фрази в композері страви,AA21,Клавіатура порцій,"Тапнути поле порції рядка 1, змінити, тапнути рядок 2","Обидва комітяться, ккал Home = сумі",,
AA. Edit meal AI — фрази в композері страви,AA22,Порція г і мл,Напій мл і їжа г в одному прийомі,Парсер не плутає одиниці,,
AA. Edit meal AI — фрази в композері страви,AA23,Невалідна порція,У поле `abc` / порожньо,Відкат,,
AA. Edit meal AI — фрази в композері страви,AA24,Порція 0,Ввести 0,"Або відкат, або 0 ккал — нотувати, не NaN",,
AA. Edit meal AI — фрази в композері страви,AA25,Дуже велика порція,`9999` г,"Не краш, ккал великі, кільце over-budget",,
AA. Edit meal AI — фрази в композері страви,AA26,Клавіатура + композер,Фокус AI-поля при відкритій порції,"Footer над клавіатурою, Save доступний скролом",,
AA. Edit meal AI — фрази в композері страви,AA27,Delete під час AI,Send і одразу Delete рядка,Не краш,,
AA. Edit meal AI — фрази в композері страви,AA28,`+` search під час AI,Send і одразу `+`,"Стек живий або блокується, не краш",,
AB. Переривання посеред флоу,AB01,Згорнути під час фото-аналізу,Зйомка → одразу Home,"Після повернення: результат або помилка, камера жива, немає чорного екрана",,
AB. Переривання посеред флоу,AB02,Згорнути під час баркод lookup,Скан → Home,Можна сканувати далі,,
AB. Переривання посеред флоу,AB03,Згорнути під час чат send,Send → Home → AI,"Повідомлення з’явилось або Failed, Send знову можна",,
AB. Переривання посеред флоу,AB04,Згорнути Edit meal send,Send → Home,Після олівця список консистентний,,
AB. Переривання посеред флоу,AB05,Вбити апку під час аналізу фото,Identifying → swipe kill,"Рестарт, логу немає, наступна зйомка ок",,
AB. Переривання посеред флоу,AB06,Вбити під час чат відповіді,Send → kill,Після входу історія без «завислого sending»; повтор не дублює сліпо,,
AB. Переривання посеред флоу,AB07,Дзвінок під час voice log,Listening → вхідний дзвінок,Немає крашу; після дзвінка mic можна знову,,
AB. Переривання посеред флоу,AB08,Дзвінок під час камери,Баркод/фото → дзвінок,Сесія камери після повернення restart,,
AB. Переривання посеред флоу,AB09,Control Center під час камери,"Шторка, яскравість, назад",Превʼю на місці,,
AB. Переривання посеред флоу,AB10,Lock під час splash,Залочити на сплеші,"Після unlock онбординг/Home, не завислий сплеш",,
AB. Переривання посеред флоу,AB11,Lock під час listening,Voice listening → lock,"Запис стоп, немає крашу",,
AB. Переривання посеред флоу,AB12,Lock під час чату send,,Після unlock відповідь або fail,,
AB. Переривання посеред флоу,AB13,App switcher 10 апк,"Відкрити багато апк, повернутись на Bity на камері",Камера не «мертва»,,
AB. Переривання посеред флоу,AB14,Siri поверх,Утримувати side button на Home,Після Siri Home клікабельний,,
AB. Переривання посеред флоу,AB15,Повідомлення баннер,Баннер іншої апки на камері,Тап/свайп баннера не вбиває скан,,
AB. Переривання посеред флоу,AB16,Навушники Bluetooth,Voice log і чат mic у AirPods,Транскрипт є,,
AB. Переривання посеред флоу,AB17,Перемикання mic,Навушники → динамік середині запису,Не краш,,
AB. Переривання посеред флоу,AB18,Тихий режим,"Switch Ring/Silent, залогувати баркод","Haptic може бути, звуку камери за політикою iOS",,
AB. Переривання посеред флоу,AB19,Low Power Mode,"Увімкнути, фото-аналіз + чат","Працює, може бути повільніше",,
AB. Переривання посеред флоу,AB20,Слабкий LTE,"Вимкнути Wi‑Fi, погана мережа, search і чат","Лоадер, не вічний freeze; можна Cancel/Back",,
AB. Переривання посеред флоу,AB21,Втратити мережу посередині,Wi‑Fi off під час chat send,"Failed, повтор після on",,
AB. Переривання посеред флоу,AB22,VPN on/off,Чат і баркод lookup,"Або ок, або зрозуміла помилка",,
AB. Переривання посеред флоу,AB23,Ротація на камері,Повернути телефон landscape,Превʼю портретне (код лочить rotation) або не роз’їжджається,,
AB. Переривання посеред флоу,AB24,Ротація на Home,Landscape,Layout не ламає таббар / або лок портрета,,
AB. Переривання посеред флоу,AB25,Ротація на шиті Edit meal,,Шит живий,,
AB. Переривання посеред флоу,AB26,Split iPad,Якщо iPad: Slide Over / Split з Bity,"Адаптив, не чорний",,
AB. Переривання посеред флоу,AB27,Зовнішня клавіатура iPad,Search і чат,Enter = пошук/send або новий рядок — нотувати,,
AB. Переривання посеред флоу,AB28,Диктування клавіатури iOS,Mic на keyboard у search,Текст у полі,,
AB. Переривання посеред флоу,AB29,Paste в search,Вставити `chicken breast`,Пошук після debounce,,
AB. Переривання посеред флоу,AB30,Paste в чат,Довгий абзац меню,Send не краш,,
AB. Переривання посеред флоу,AB31,Copy з чату,Довгий тап на bubble якщо вміє,"Або системне copy, або немає — нотувати",,
AB. Переривання посеред флоу,AB32,Скріншот,"Home, камера, чат",Немає крашу,,
AB. Переривання посеред флоу,AB33,Screen Recording,"Увімкнути запис, пройти Quick Log",Немає крашу (privacy overlay камери ок),,
AB. Переривання посеред флоу,AB34,Час вийшов аналізу,Дуже повільна мережа 30+ с,UI знову клікабельний,,
AB. Переривання посеред флоу,AB35,Подвійний capture,Двічі тап кадр фото,Один аналіз,,
AB. Переривання посеред флоу,AB36,Back під час identifying,Фото identifying → Close,"Pop, наступне відкриття камери чисте",,
AB. Переривання посеред флоу,AB37,Tab switch під час send,Чат Send → таб Home → AI,Немає дубля повідомлення,,
AB. Переривання посеред флоу,AB38,Віджет тап під час логу,Тап віджета поки відкритий баркод,"Апка на передній план, не краш",,
"AC. Медіа: HEIC, Live, PNG, кілька фото, QR",AC01,HEIC з iPhone,Gallery фото-камері AI,Аналіз ок,,
"AC. Медіа: HEIC, Live, PNG, кілька фото, QR",AC02,HEIC у баркод gallery,Фото етикетки з кодом,Lookup ок,,
"AC. Медіа: HEIC, Live, PNG, кілька фото, QR",AC03,HEIC у чат attach,,Photo message + аналіз,,
"AC. Медіа: HEIC, Live, PNG, кілька фото, QR",AC04,HEIC у Edit meal,,Рядок з’являється,,
"AC. Медіа: HEIC, Live, PNG, кілька фото, QR",AC05,HEIC progress photo,Front/side з галереї HEIC,Крок 2 / фініш,,
"AC. Медіа: HEIC, Live, PNG, кілька фото, QR",AC06,Live Photo,Вибрати Live як image,"Береться still, не відео, аналіз ок",,
"AC. Медіа: HEIC, Live, PNG, кілька фото, QR",AC07,PNG зі Files (чат),Attach Files → PNG їжі,Приймає,,
"AC. Медіа: HEIC, Live, PNG, кілька фото, QR",AC08,JPEG зі Files,,Приймає,,
"AC. Медіа: HEIC, Live, PNG, кілька фото, QR",AC09,WEBP / GIF файл,Files не-jpeg якщо вдасться,"Або аналіз, або noImage — не краш",,
"AC. Медіа: HEIC, Live, PNG, кілька фото, QR",AC10,PDF у Files,,Помилка noImage,,
"AC. Медіа: HEIC, Live, PNG, кілька фото, QR",AC11,Відео в picker,Gallery — відео не в images filter,Не обирається,,
"AC. Медіа: HEIC, Live, PNG, кілька фото, QR",AC12,Multi-select,Gallery AI photo,"Можна одне фото, не пачку",,
"AC. Медіа: HEIC, Live, PNG, кілька фото, QR",AC13,Скасувати picker,Відкрити gallery → Cancel,Камера/чат як були,,
"AC. Медіа: HEIC, Live, PNG, кілька фото, QR",AC14,Limited Photos,"iOS Settings → Photos → Selected Photos, дати 0, потім gallery","Picker порожній/обмежений, не краш",,
"AC. Медіа: HEIC, Live, PNG, кілька фото, QR",AC15,Додати доступ до фото,Після Limited дати конкретний альбом,Наступний picker бачить,,
"AC. Медіа: HEIC, Live, PNG, кілька фото, QR",AC16,QR замість EAN,Навести QR (URL/текст),Скан може зчитати QR; lookup продукту ймовірно fail у hint — не краш,,
"AC. Медіа: HEIC, Live, PNG, кілька фото, QR",AC17,EAN-8,Короткий код на пачці,Lookup або invalid,,
"AC. Медіа: HEIC, Live, PNG, кілька фото, QR",AC18,UPC-E,Якщо є,Скан,,
"AC. Медіа: HEIC, Live, PNG, кілька фото, QR",AC19,Порваний/блік код,,"Немає фейкового продукту, можна ще раз",,
"AC. Медіа: HEIC, Live, PNG, кілька фото, QR",AC20,Screenshot етикетки,Gallery скрін штрихкода,Vision знаходить код або помилка,,
"AC. Медіа: HEIC, Live, PNG, кілька фото, QR",AC21,Портретне vs альбомне фото їжі,Обидва в AI photo,Обидва аналізуються,,
"AC. Медіа: HEIC, Live, PNG, кілька фото, QR",AC22,12 MP vs 0.5 MP,Дуже важке і дуже дрібне,Немає memory crash,,
AD. Доступність (людські жести),AD01,VoiceOver Home,"Увімкнути VoiceOver, пройти кільця, `+`, вода, олівець","Усі кнопки озвучені, можна залогувати search",,
AD. Доступність (людські жести),AD02,VoiceOver онбординг,Welcome → Continue,Картки цілі вибираються,,
AD. Доступність (людські жести),AD03,VoiceOver чат,"Поле, Send, чіпи, History",Можна відправити фразу,,
AD. Доступність (людські жести),AD04,VoiceOver камера,Баркод,"Close / flash / manual доступні, не trap",,
AD. Доступність (людські жести),AD05,VoiceOver вимкнути,Після тесту off,UI звичайний,,
AD. Доступність (людські жести),AD06,Reduce Motion,"Accessibility → Reduce Motion on, Welcome GIF, calculating, scan-line, confetti",Апка не зависає; анімації коротші або грають,,
AD. Доступність (людські жести),AD07,Bold Text,,Кнопки не обрізані,,
AD. Доступність (людські жести),AD08,Increase Contrast,,Текст читабельний Light і Dark,,
AD. Доступність (людські жести),AD09,Button Shapes,,Тапи площею ок,,
AD. Доступність (людські жести),AD10,On/Off Labels,,Степпери води зрозумілі,,
AD. Доступність (людські жести),AD11,Dynamic Type AX5,"Найбільший шрифт, Home + Add entry + чат","Скрол, нічого не під tab bar намертво",,
AD. Доступність (людські жести),AD12,Dynamic Type мінімум,Найменший,Читабельно,,
AD. Доступність (людські жести),AD13,Zoom / Larger Text,,Safe area,,
AD. Доступність (людські жести),AD14,Smart Invert / Classic Invert,"Home, камера",Камера не інвертить критично / терпимо,,
AD. Доступність (людські жести),AD15,Differentiate Without Color,Кільця макросів все одно зрозумілі (підписи є),Не лише колір,,
AD. Доступність (людські жести),AD16,AssistiveTouch,Тап `+` через AssistiveTouch,Працює,,
AD. Доступність (людські жести),AD17,Reachability,"iPhone, свайп home indicator",Шит/таби не ламаються,,
AD. Доступність (людські жести),AD18,Guided Access,За бажанням,Не обов’язково блокує реліз,,
"AE. Дата, час, календар, пояс",AE01,Нова північ,"Залогувати їжу, змінити час пристрою на 00:05 наступного дня, відкрити апку","Home «сьогодні» порожній, вчорашнє не в кільцях",,
"AE. Дата, час, календар, пояс",AE02,Назад на вчора,Після AE01 повернути дату,Вчорашні записи знову на Home,,
"AE. Дата, час, календар, пояс",AE03,Timezone +3 → інший,"Settings → Date Time → timezone, не чіпати «сьогодні» лог",День не дублюється хаотично. Нотувати,,
"AE. Дата, час, календар, пояс",AE04,DST (якщо дата переходу),Поставити дату переходу на літній час,"Немає крашу, нагадування не в минулому слоті дублем",,
"AE. Дата, час, календар, пояс",AE05,24h vs 12h,Формат часу системи,Дати в навбарі/бейджах читабельні,,
"AE. Дата, час, календар, пояс",AE06,Регіон Україна vs US,Number/date format,Ккал і дати з комою/крапкою не ламають поля ваги,,
"AE. Дата, час, календар, пояс",AE07,Вага кома,"`72,5` у Log weight","Приймає (код міняє `,` на `.`)",,
"AE. Дата, час, календар, пояс",AE08,Календар понеділок-перший,Weekend Warrior: Сб/Нд,"weekday 1 і 7 = неділя/субота григоріанські, не «пн-вт»",,
"AE. Дата, час, календар, пояс",AE09,Early bird,Залогувати їжу до 09:00,Прогрес Early Bird,,
"AE. Дата, час, календар, пояс",AE10,After 9,Перший лог о 10:00,Цей день не early bird,,
"AE. Дата, час, календар, пояс",AE11,No late snacks,Уся їжа до 21:00,День рахується,,
"AE. Дата, час, календар, пояс",AE12,Late snack,Щось після 21:00,День не йде в No Late Snacks,,
"AE. Дата, час, календар, пояс",AE13,Change date майбутнє Add entry,Дата +7 днів,На Home сьогодні немає; кільця сьогоднішні чисті,,
"AE. Дата, час, календар, пояс",AE14,Change date ваги вчора,,Save без помилки,,
"AE. Дата, час, календар, пояс",AE15,Workout дата завтра,,Save ок,,
"AE. Дата, час, календар, пояс",AE16,Пікер місяця скрол,Далеко в 2018 і 2030,Не краш,,
AF. Нотифікації — поява і тап,AF01,Banner у фоні,"Дозвіл Allow, час breakfast 08:00 (підкрутити годинник)",Баннер з локалізованим title/body,,
AF. Нотифікації — поява і тап,AF02,Тап баннера,Тап,"Відкривається Bity (останній таб / Home), не краш",,
AF. Нотифікації — поява і тап,AF03,Нотифікація на lock,Тап з lock screen,Unlock → апка,,
AF. Нотифікації — поява і тап,AF04,Foreground,Сидіти в апці на 08:00,Баннера може не бути — це ок; нотувати,,
AF. Нотифікації — поява і тап,AF05,Deliver Quietly / Focus,Focus on,Може не показатись — SKIP якщо Focus,,
AF. Нотифікації — поява і тап,AF06,Lunch / Dinner / Water / Weight / Streak,Підкрутити час на кожен слот,"Різний текст, не один і той самий",,
AF. Нотифікації — поява і тап,AF07,Після Deny,Немає нотифікацій,Повторно не спамить промпт,,
AF. Нотифікації — поява і тап,AF08,Settings → Bity → Notifications off потім on,,Після on можуть знову плануватись на foreground,,
AF. Нотифікації — поява і тап,AF09,Іконка badge,Подивитись icon,[очікувано] бейджа числа може не бути,,
AF. Нотифікації — поява і тап,AF10,Релогін після reboot телефону,"Перезавантажити iPhone, дочекатись слота",Нотифікація все ще приходить,,
AG. Apple Health — дублі та одиниці,AG01,Allow на онбордингу,Continue Health → Allow all,Далі флоу,,
AG. Apple Health — дублі та одиниці,AG02,Write з Bity в Health,Лог води 150 в Bity,У Health Dietary Water з’явився sample,,
AG. Apple Health — дублі та одиниці,AG03,Їжа в Health,Лог продукту,Nutrition calories в Health,,
AG. Apple Health — дублі та одиниці,AG04,Вага в Health,Log weight 70 kg,Body Mass,,
AG. Apple Health — дублі та одиниці,AG05,Workout в Health,Log exercise,Workout з ккал,,
AG. Apple Health — дублі та одиниці,AG06,Немає дубля води Bity→Health→Bity,"AG02, згорнути, повернутись",На Home не +150 вдруге,,
AG. Apple Health — дублі та одиниці,AG07,Імпорт води з Health,"Випити в Health / Water app, відкрити Bity","Home вода зросла, XP за цей імпорт немає",,
AG. Apple Health — дублі та одиниці,AG08,Імпорт ваги,Додати вагу в Health,Log weight екран/прогрес бачить; профіль weight може оновитись,,
AG. Apple Health — дублі та одиниці,AG09,kg vs lb в Health,"Health у lb, Bity слайдер kg",Числа консистентні після конверсії,,
AG. Apple Health — дублі та одиниці,AG10,Імпорт workout,Тренування з Watch/Health,"Burn на Home зріс, без крашу",,
AG. Apple Health — дублі та одиниці,AG11,Імпорт їжі з Health,Якщо є nutrition samples,"Рядок на Home з source health, без XP",,
AG. Apple Health — дублі та одиниці,AG12,Видалити в Health,"Видалити water sample в Health, foreground Bity",Локальний запис з цим sample id зникає,,
AG. Apple Health — дублі та одиниці,AG13,Видалити в Bity `−`,Після AG02 `−`,Health sample теж прибирається (deleteSamples),,
AG. Apple Health — дублі та одиниці,AG14,Maybe later потім Allow,Онбординг skip Health; після main foreground може спитати ще раз (flag requested),Нотувати скільки промптів,,
AG. Apple Health — дублі та одиниці,AG15,Health unavailable,Симулятор,"Немає крашу, sync skip",,
AG. Apple Health — дублі та одиниці,AG16,Відкликати Health в Settings,"Turn off Bity in Health, залогувати воду","Апка жива, write може fail тихо",,
AG. Apple Health — дублі та одиниці,AG17,14+ днів давнина,Вага в Health 20 днів тому,Не імпортується (вікно 14 днів),,
"AH. Макроси: клітковина, цукор, натрій",AH01,Порожньо,"Новий день, картка 2",Fiber/sugar/sodium 0 / ціль,,
"AH. Макроси: клітковина, цукор, натрій",AH02,Клітковина,Залогувати вівсянку / ягоди / бобові (пошук або чат `вівсянка 80г`),"Fiber > 0, ближче до цілі",,
"AH. Макроси: клітковина, цукор, натрій",AH03,Цукор,`кола` або цукерка баркодом,Sugar зріс,,
"AH. Макроси: клітковина, цукор, натрій",AH04,Натрій,Чіпси / суп / сільований продукт,Sodium зріс (на Home в грамах від мг),,
"AH. Макроси: клітковина, цукор, натрій",AH05,Product details мікронутрієнти,Відкрити details після баркода,Є рядки nutrition; після Add картка Home збігається порядком,,
"AH. Макроси: клітковина, цукор, натрій",AH06,Photo details,AI photo → Details,Fiber/sugar/sodium якщо модель дала,,
"AH. Макроси: клітковина, цукор, натрій",AH07,Servings ×2,Add entry increment,Мікронутрити ×2,,
"AH. Макроси: клітковина, цукор, натрій",AH08,Scale порції Edit meal,Зменшити г,Fiber/sugar/sodium пропорційно,,
"AH. Макроси: клітковина, цукор, натрій",AH09,Over sugar target,Багато солодкого,"Значення > цілі, без крашу",,
"AH. Макроси: клітковина, цукор, натрій",AH10,Чат «скільки цукру»,Після AH03 `скільки цукру я вже з'їв?`,Відповідь близько до картки 2,,
"AI. Жести навігації, шити, системні штуки",AI01,Swipe back,Search → ребром екрана назад,Home,,
"AI. Жести навігації, шити, системні штуки",AI02,Swipe back камера,Баркод → swipe,"Home, сесія стоп",,
"AI. Жести навігації, шити, системні штуки",AI03,Swipe шита Quick Log,Вниз,Дізміс,,
"AI. Жести навігації, шити, системні штуки",AI04,Swipe Edit meal,Вниз посеред списку,Дізміс,,
"AI. Жести навігації, шити, системні штуки",AI05,Swipe glass volume,,Дізміс без save,,
"AI. Жести навігації, шити, системні штуки",AI06,Swipe change date,,Без зміни дати,,
"AI. Жести навігації, шити, системні штуки",AI07,Grabber тап,,Нічого критичного,,
"AI. Жести навігації, шити, системні штуки",AI08,Double tap tab Home,На Home ще раз Home,Не дублює VC,,
"AI. Жести навігації, шити, системні штуки",AI09,Hardware back iPad,Якщо є,Pop,,
"AI. Жести навігації, шити, системні штуки",AI10,Shake to undo,В полі search набрати і shake,"iOS undo, апка жива",,
"AI. Жести навігації, шити, системні штуки",AI11,Predictive bar,Над клавіатурою в чаті,Не ховає Send назавжди,,
"AI. Жести навігації, шити, системні штуки",AI12,Autocorrect фрази,`явлуко` → яблуко в search,Пошук по виправленому після apply,,
"AI. Жести навігації, шити, системні штуки",AI13,Emoji keyboard,В чат 🥗,Send ок,,
"AI. Жести навігації, шити, системні штуки",AI14,Memoji stickers,,"Або як зображення fail, або текст — не краш",,
"AI. Жести навігації, шити, системні штуки",AI15,Spotlight,Шукати Bity,Відкриває апку,,
"AI. Жести навігації, шити, системні штуки",AI16,App Library / Search,,Відкриває,,
"AI. Жести навігації, шити, системні штуки",AI17,Restart iPhone,Відкрити Bity,Returning user на табах,,
"AI. Жести навігації, шити, системні штуки",AI18,Storage nearly full,Якщо можеш,"Алерт iOS, апка не тихо падає на фото",,
"AI. Жести навігації, шити, системні штуки",AI19,Date/time automatic off,Вручну дата,Щоденник по системній «сьогодні»,,
"AI. Жести навігації, шити, системні штуки",AI20,Language swap mid-session,"UK→EN без kill, потім kill",Після kill усі стрінги нові,,
AJ. Матриця прийомів × метод (короткий обов’язковий),AJ01,,Метод: Quick Log (очікувано завжди Snacks). Breakfast=N/A — має впасти в Snacks; Lunch=N/A; Snacks=Так; Dinner=N/A,,,
AJ. Матриця прийомів × метод (короткий обов’язковий),AJ02,,Метод: Add entry meal chips після баркода. Breakfast=Так; Lunch=Так; Snacks=Так; Dinner=Так,,,
AJ. Матриця прийомів × метод (короткий обов’язковий),AJ03,,Метод: Add entry після фото. Breakfast=Так; Lunch=Так; Snacks=Так; Dinner=Так,,,
AJ. Матриця прийомів × метод (короткий обов’язковий),AJ04,,Метод: Add entry після голосу. Breakfast=Так; Lunch=Так; Snacks=Так; Dinner=Так,,,
AJ. Матриця прийомів × метод (короткий обов’язковий),AJ05,,Метод: Edit meal `+` search. Breakfast=Так; Lunch=Так; Snacks=Так; Dinner=Так,,,
AJ. Матриця прийомів × метод (короткий обов’язковий),AJ06,,Метод: Чат з явною назвою прийому. Breakfast=«на сніданок …»; Lunch=«на обід …»; Snacks=«снек …»; Dinner=«на вечерю …»,,,
AK. Дозволи повторно з iOS Settings,AK01,Camera Deny → Settings Allow,Deny на баркоді → Settings → Bity → Camera on → повернутись,Камера запрацювала без реінсталу,,
AK. Дозволи повторно з iOS Settings,AK02,Mic Deny → Allow,Voice → Settings Mic on,Запис ок,,
AK. Дозволи повторно з iOS Settings,AK03,Photos None → Allow,Gallery → Settings,Picker бачить фото,,
AK. Дозволи повторно з iOS Settings,AK04,Notifications Deny → Allow,"Settings Notifications on, foreground Bity",Слоти можуть з’явитись,,
AK. Дозволи повторно з iOS Settings,AK05,Camera Restricted (Screen Time),Якщо є,Зрозуміла помилка,,
AK. Дозволи повторно з iOS Settings,AK06,Dual SIM / немає камери на симуляторі,Симулятор фото/баркод,"cameraUnavailable alert, не чорний екран",,
AK. Дозволи повторно з iOS Settings,AK07,Перший промпт не англійський дефолт,UK локаль,Usage strings з InfoPlist.uk,,
AL. Регрес «як жива людина цілий день» (чеклист одним прогоном),AL01,Ранок,"Онбординг (якщо треба), вода `+`, чат вівсянка, early hour","Breakfast, вода, XP, early bird якщо <9",,
AL. Регрес «як жива людина цілий день» (чеклист одним прогоном),AL02,Перекус,Quick Log баркод батончика,Snacks +1,,
AL. Регрес «як жива людина цілий день» (чеклист одним прогоном),AL03,Обід фото,Scan food тарілки → Add → Lunch chip,"Lunch, макроси, fiber якщо є",,
AL. Регрес «як жива людина цілий день» (чеклист одним прогоном),AL04,Swap,Чат замінити гарнір → Apply,Ккал зміна,,
AL. Регрес «як жива людина цілий день» (чеклист одним прогоном),AL05,Edit meal,"Олівець Lunch → порція, `додай огірок`, delete один рядок",Home збіг,,
AL. Регрес «як жива людина цілий день» (чеклист одним прогоном),AL06,Вода мікс,"Склянка 250, `+`×2, чат 500 мл Confirm, `−`",Останній знявся 500,,
AL. Регрес «як жива людина цілий день» (чеклист одним прогоном),AL07,Progress,"Вага, walk 30 хв 200 ккал, фото front+side","Burn, XP, photo steps",,
AL. Регрес «як жива людина цілий день» (чеклист одним прогоном),AL08,AI поради,"«скільки ще ккал», чіпа Meals, Log вечерю","Remaining, Dinner",,
AL. Регрес «як жива людина цілий день» (чеклист одним прогоном),AL09,Голос вечері,Якщо ще треба,Dinner рядки,,
AL. Регрес «як жива людина цілий день» (чеклист одним прогоном),AL10,Rewards,"Відкрити, тап бейдж",Прогрес не 0 після дня,,
AL. Регрес «як жива людина цілий день» (чеклист одним прогоном),AL11,Віджет,"Додати, подивитись числа vs Home",Збіг або відомий lag snapshot,,
AL. Регрес «як жива людина цілий день» (чеклист одним прогоном),AL12,Kill restore,"Вбити, відкрити",Усе на місці,,
AL. Регрес «як жива людина цілий день» (чеклист одним прогоном),AL13,Dark+UK,"Змінити тему і мову, kill","Немає ключів, контраст",,
AL. Регрес «як жива людина цілий день» (чеклист одним прогоном),AL14,Offline вечір,"Airplane, чат і search",Fail м’яко; логи локальні (вода `+`) ок,,
AL. Регрес «як жива людина цілий день» (чеклист одним прогоном),AL15,Нотифікація,Підкрутити streak 21:00,"Баннер, тап відкриває апку",,
