Що це,Пояснення
Як користуватись,Один рядок = одна маленька перевірка. Читай зліва направо: де відкрити → що натиснути → що маєш побачити.
Колонка «Вийшло?»,Пиши тільки: Так   або   Ні   або   Пропустила.
Якщо «Ні»,У сусідній колонці одним реченням: що натиснула і що побачила замість очікуваного. Якщо можеш — додай скрін.
З чого почати,"Спочатку розділ 0 (рядки 1–20). Якщо там уже є «Ні» — напиши чоловікові, далі можна не йти."
Фрази в лапках «...»,"Скопіюй у чат або пошук як є, не виправляй і не скорочуй."
Помічник інколи відповідає іншими словами,"Не шукай дослівний текст. Важливо: чи з’явилась картка їжі, чи спитав про воду, чи змінилось на Головній."
Додаток вилетів або білий екран,Це завжди «Ні». Напиши номер рядка.
Розділ 22,Там навмисно написано «кнопки немає». Якщо кнопки справді немає — став «Так». Це не баг.
Не треба,"Не відкривай комп’ютер, не шукай код. Тільки телефон."
